<?xml version="1.0" encoding="UTF-8"?>
<!DOCTYPE struts PUBLIC "-//Apache Software Foundation//DTD Struts Configuration 2.0//EN" 
	"http://struts.apache.org/dtds/struts-2.0.dtd">
<struts>
	<package name="user" extends="json-default" namespace="/">
		<action name="user_*" class="cn.fieldManagementSystem.user.UserAction" method="{1}">
			<result type="json"></result>
		</action>
		<action name="bulletin_*" class="cn.fieldManagementSystem.bulletin.BulletinAction" method="{1}">
			<result type="json"></result>
		</action>
		<action name="userinformation_*" class="cn.fieldManagementSystem.userInformation.UserInformationAction" method="{1}">
			<result type="json"></result>
		</action>
		<action name="outworkapply_*" class="cn.fieldManagementSystem.outWorkApply.OutWorkApplyAction" method="{1}">
			<result type="json"></result>
		</action>
		<action name="outworkcheckin_*" class="cn.fieldManagementSystem.outWorkCheckin.OutWorkCheckinAction" method="{1}">
			<result type="json"></result>
		</action>
		<action name="spinner_*" class="cn.fieldManagementSystem.spinner.SpinnerDateAction" method="{1}">
			<result type="json"></result>
		</action>
				<action name="vacationapply_*" class="cn.fieldManagementSystem.vacationApply.VacationApplyAction" method="{1}">
			<result type="json"></result>
		</action>
		<action name="workapply_*" class="cn.fieldManagementSystem.workApply.WorkApplyAction" method="{1}">
			<result type="json"></result>
			</action>
			<action name="colleage_*" class="cn.fieldManagementSystem.colleage.CheckColleageAction" method="{1}">
			<result type="json"></result>
			</action>
			<action name="geolocation_*" class="cn.fieldManagementSystem.geolocation.GeolocationHelper" method="{1}">
			<result type="json"></result>
			</action>
	</package>
</struts>
	